{
  "mode": "gold",
  "alis": 7545.68714,
  "satis": 7636.49926
}